{
  "timestamp": "2025-09-26T12:14:57.310007",
  "categories": {
    "simple_geometric": {
      "files": [
        {
          "filename": "cross_08.png",
          "path": "data/logos/simple_geometric/cross_08.png",
          "detection": {
            "detected_type": "simple",
            "confidence": 0.13575304858386517,
            "scores": {
              "text": 0.008484884960732112,
              "simple": 0.13575304858386517,
              "gradient": 0.015684153273468837,
              "complex": 0.006744562832561011
            },
            "success": true
          },
          "conversion": {
            "conversion_time": 0.017307043075561523,
            "png_size": 903,
            "svg_size": 540,
            "size_reduction": 40.199335548172755,
            "output_path": "data/logos/simple_geometric/cross_08.baseline.svg",
            "success": true
          },
          "quality": {
            "ssim": 1.0,
            "mse": 43243.42088699341,
            "psnr": 1.7716031819582239,
            "success": true
          }
        },
        {
          "filename": "square_01.png",
          "path": "data/logos/simple_geometric/square_01.png",
          "detection": {
            "detected_type": "simple",
            "confidence": 0.1002381316696604,
            "scores": {
              "text": 0.004071547989345466,
              "simple": 0.1002381316696604,
              "gradient": 0.05876236335219195,
              "complex": 0.0035946190898054433
            },
            "success": true
          },
          "conversion": {
            "conversion_time": 0.009257078170776367,
            "png_size": 883,
            "svg_size": 337,
            "size_reduction": 61.83465458663646,
            "output_path": "data/logos/simple_geometric/square_01.baseline.svg",
            "success": true
          },
          "quality": {
            "ssim": 1.0,
            "mse": 36385.31541824341,
            "psnr": 2.521542167675416,
            "success": true
          }
        },
        {
          "filename": "oval_07.png",
          "path": "data/logos/simple_geometric/oval_07.png",
          "detection": {
            "detected_type": "simple",
            "confidence": 0.11812754580751061,
            "scores": {
              "text": 0.004025037300986393,
              "simple": 0.11812754580751061,
              "gradient": 0.03637761063873768,
              "complex": 0.008136468544156136
            },
            "success": true
          },
          "conversion": {
            "conversion_time": 0.007323026657104492,
            "png_size": 1310,
            "svg_size": 615,
            "size_reduction": 53.05343511450382,
            "output_path": "data/logos/simple_geometric/oval_07.baseline.svg",
            "success": true
          },
          "quality": {
            "ssim": 0.9935942776231508,
            "mse": 41314.94304835796,
            "psnr": 1.9697320243939291,
            "success": true
          }
        }
      ],
      "stats": {
        "total_files": 3,
        "detection_accuracy": 100.0,
        "avg_confidence": 0.11803957535367872,
        "conversion_success_rate": 100.0,
        "avg_conversion_time": 0.011295715967814127,
        "avg_size_reduction": 51.69580841643768,
        "avg_ssim": 0.997864759207717
      }
    },
    "text_based": {
      "files": [
        {
          "filename": "text_web_05.png",
          "path": "data/logos/text_based/text_web_05.png",
          "detection": {
            "detected_type": "text",
            "confidence": 0.056628987503548465,
            "scores": {
              "text": 0.056628987503548465,
              "simple": 0.03740113570044438,
              "gradient": 0.05583298970789959,
              "complex": 0.01680354013903222
            },
            "success": true
          },
          "conversion": {
            "conversion_time": 0.008396148681640625,
            "png_size": 2649,
            "svg_size": 2372,
            "size_reduction": 10.456776141940349,
            "output_path": "data/logos/text_based/text_web_05.baseline.svg",
            "success": true
          },
          "quality": {
            "ssim": 0.9894187417544605,
            "mse": 47468.95275861025,
            "psnr": 1.3667071027813014,
            "success": true
          }
        },
        {
          "filename": "text_data_02.png",
          "path": "data/logos/text_based/text_data_02.png",
          "detection": {
            "detected_type": "text",
            "confidence": 0.08612575948548813,
            "scores": {
              "text": 0.08612575948548813,
              "simple": 0.040133896846479424,
              "gradient": 0.03353483812922301,
              "complex": 0.006872172317040774
            },
            "success": true
          },
          "conversion": {
            "conversion_time": 0.006288766860961914,
            "png_size": 2427,
            "svg_size": 2788,
            "size_reduction": -14.874330449114126,
            "output_path": "data/logos/text_based/text_data_02.baseline.svg",
            "success": true
          },
          "quality": {
            "ssim": 0.9856356811837825,
            "mse": 47511.68336570263,
            "psnr": 1.362799428779977,
            "success": true
          }
        },
        {
          "filename": "text_net_07.png",
          "path": "data/logos/text_based/text_net_07.png",
          "detection": {
            "detected_type": "text",
            "confidence": 0.08084310032427311,
            "scores": {
              "text": 0.08084310032427311,
              "simple": 0.0426527684321627,
              "gradient": 0.040141324046999216,
              "complex": 0.003029464884699943
            },
            "success": true
          },
          "conversion": {
            "conversion_time": 0.005934953689575195,
            "png_size": 1452,
            "svg_size": 1358,
            "size_reduction": 6.473829201101933,
            "output_path": "data/logos/text_based/text_net_07.baseline.svg",
            "success": true
          },
          "quality": {
            "ssim": 0.9937262645585663,
            "mse": 47795.147167146206,
            "psnr": 1.3369655767672906,
            "success": true
          }
        }
      ],
      "stats": {
        "total_files": 3,
        "detection_accuracy": 100.0,
        "avg_confidence": 0.07453261577110323,
        "conversion_success_rate": 100.0,
        "avg_conversion_time": 0.006873289744059245,
        "avg_size_reduction": 0.6854249646427185,
        "avg_ssim": 0.9895935624989365
      }
    },
    "gradients": {
      "files": [
        {
          "filename": "gradient_radial_06.png",
          "path": "data/logos/gradients/gradient_radial_06.png",
          "detection": {
            "detected_type": "gradient",
            "confidence": 0.09517345484346151,
            "scores": {
              "text": 0.0007684387516443773,
              "simple": 0.0689941505746295,
              "gradient": 0.09517345484346151,
              "complex": 0.00173062188446238
            },
            "success": true
          },
          "conversion": {
            "conversion_time": 0.021162033081054688,
            "png_size": 3974,
            "svg_size": 7815,
            "size_reduction": -96.65324609964772,
            "output_path": "data/logos/gradients/gradient_radial_06.baseline.svg",
            "success": true
          },
          "quality": {
            "ssim": 0.9749388967783305,
            "mse": 26897.41917103529,
            "psnr": 3.833697497706744,
            "success": true
          }
        },
        {
          "filename": "gradient_radial_07.png",
          "path": "data/logos/gradients/gradient_radial_07.png",
          "detection": {
            "detected_type": "simple",
            "confidence": 0.08474919913957517,