{
  "summary": [
    {
      "model": "clip-vit-large-patch14",
      "accuracy": 72.0,
      "confidence": 0.29633830744677686,
      "speed_ms": 1577.9836463928223,
      "categories": {
        "simple_geometric": 100.0,
        "text_based": 100.0,
        "gradients": 80.0,
        "abstract": 40.0,
        "complex": 40.0
      }
    },
    {
      "model": "clip-vit-base-patch16",
      "accuracy": 64.0,
      "confidence": 0.22527865997813643,
      "speed_ms": 353.5837745666504,
      "categories": {
        "simple_geometric": 100.0,
        "text_based": 100.0,
        "gradients": 100.0,
        "abstract": 20.0,
        "complex": 0.0
      }
    },
    {
      "model": "clip-vit-base-patch32",
      "accuracy": 56.00000000000001,
      "confidence": 0.2111150561031885,
      "speed_ms": 182.36211776733398,
      "categories": {
        "simple_geometric": 80.0,
        "text_based": 100.0,
        "gradients": 80.0,
        "abstract": 20.0,
        "complex": 0.0
      }
    }
  ],
  "detailed_results": {
    "openai/clip-vit-base-patch32": {
      "model": "openai/clip-vit-base-patch32",
      "categories": {
        "simple_geometric": {
          "expected": "simple",
          "total": 5,
          "correct": 4,
          "confidences": [
            0.2578617538511753,
            0.20720496736466887,
            0.2264759311825037,
            0.2040549920522608,
            0.2587320636212826
          ],
          "times": [
            0.33068418502807617,
            0.17208194732666016,
            0.27657389640808105,
            0.1455380916595459,
            0.1883997917175293
          ],
          "accuracy": 80.0,
          "avg_confidence": 0.23086594161437826,
          "avg_time": 0.2226555824279785
        },
        "text_based": {
          "expected": "text",
          "total": 5,
          "correct": 5,
          "confidences": [
            0.15720010630786418,
            0.20059658169746397,
            0.18246837936341764,
            0.2588075168058276,
            0.135236675478518
          ],
          "times": [
            0.17538189888000488,
            0.14528894424438477,
            0.1845991611480713,
            0.15968799591064453,
            0.14514398574829102
          ],
          "accuracy": 100.0,
          "avg_confidence": 0.18686185193061827,
          "avg_time": 0.1620203971862793
        },
        "gradients": {
          "expected": "gradient",
          "total": 5,
          "correct": 4,
          "confidences": [
            0.21103992324322463,
            0.1808505479991436,
            0.16852371126413346,
            0.1941868495196104,
            0.1553369764238596
          ],
          "times": [
            0.16464829444885254,
            0.1925029754638672,
            0.14053606986999512,
            0.1993851661682129,
            0.1869039535522461
          ],
          "accuracy": 80.0,
          "avg_confidence": 0.18198760168999434,
          "avg_time": 0.17679529190063475
        },
        "abstract": {
          "expected": "complex",
          "total": 5,
          "correct": 1,
          "confidences": [
            0.2610267792642117,
            0.1521375458687544,
            0.17861645698547363,
            0.2610267792642117,
            0.2719772813562304
          ],
          "times": [
            0.16861581802368164,
            0.15389204025268555,
            0.1681373119354248,
            0.20132708549499512,
            0.14705991744995117
          ],
          "accuracy": 20.0,
          "avg_confidence": 0.22495696854777636,
          "avg_time": 0.16780643463134765
        },
        "complex": {
          "expected": "complex",
          "total": 5,
          "correct": 0,
          "confidences": [
            0.15372027128934862,
            0.25558814004063607,
            0.22449052296578884,
            0.26394421070814134,
            0.2567714386619628
          ],
          "times": [
            0.14811491966247559,
            0.2027430534362793,
            0.1569957733154297,
            0.1748027801513672,
            0.23000788688659668
          ],
          "accuracy": 0.0,
          "avg_confidence": 0.23090291673317553,
          "avg_time": 0.1825328826904297
        }
      },
      "overall": {
        "total": 25,
        "correct": 14,
        "avg_confidence": 0.2111150561031885,
        "avg_inference_time": 0.182362117767334,
        "accuracy": 56.00000000000001
      }
    },
    "openai/clip-vit-base-patch16": {
      "model": "openai/clip-vit-base-patch16",
      "categories": {
        "simple_geometric": {
          "expected": "simple",
          "total": 5,
          "correct": 5,
          "confidences": [
            0.20722575336694718,
            0.18467696115374566,
            0.1386161033809185,
            0.279865370541811,
            0.1961845189332962
          ],
          "times": [
            0.663703203201294,
            0.2859940528869629,
            0.3856949806213379,
            0.2772860527038574,
            0.29929685592651367
          ],
          "accuracy": 100.0,
          "avg_confidence": 0.20131374147534373,
          "avg_time": 0.38239502906799316
        },
        "text_based": {
          "expected": "text",
          "total": 5,
          "correct": 5,
          "confidences": [
            0.19585116647183892,
            0.2385928786173463,
            0.29611078891903164,
            0.22845943944528696,
            0.15181069158017635
          ],
          "times": [
            0.3456602096557617,
            0.2818729877471924,
            0.3361380100250244,
            0.41822385787963867,
            0.3140828609466553
          ],
          "accuracy": 100.0,
          "avg_confidence": 0.22216499300673603,
          "avg_time": 0.33919558525085447
        },
        "gradients": {
          "expected": "gradient",
          "total": 5,
          "correct": 5,
          "confidences": [
            0.17582471996545793,
            0.20493876200169325,
            0.24100376285612585,
            0.29908755458891395,
            0.17101755559444426
          ],
          "times": [
            0.3996880054473877,
            0.3574862480163574,
            0.34893298149108887,
            0.3436000347137451,
            0.38407182693481445
          ],
          "accuracy": 100.0,
          "avg_confidence": 0.21837447100132704,
          "avg_time": 0.3667558193206787
        },
        "abstract": {
          "expected": "complex",
          "total": 5,
          "correct": 1,
          "confidences": [
            0.23623351376503707,
            0.2090962437260896,
            0.20225407431833448,
            0.23623351376503707,
            0.3586351069435477
          ],
          "times": [
            0.3885641098022461,
            0.3180968761444092,
            0.3616969585418701,
            0.3303873538970947,
            0.34000420570373535
          ],
          "accuracy": 20.0,
          "avg_confidence": 0.24849049050360916,
          "avg_time": 0.3477499008178711
        },
        "complex": {
          "expected": "complex",
          "total": 5,
          "correct": 0,
          "confidences": [
            0.2620664000418037,
            0.158571565579623,
            0.1807619249075651,
            0.24256005480885506,
            0.33628807418048384
          ],
          "times": [
            0.3614940643310547,
            0.317166805267334,
            0.3083639144897461,
            0.3757638931274414,
            0.2963240146636963
          ],
          "accuracy": 0.0,
          "avg_confidence": 0.23604960390366614,
          "avg_time": 0.3318225383758545
        }
      },
      "overall": {
        "total": 25,
        "correct": 16,
        "avg_confidence": 0.22527865997813643,
        "avg_inference_time": 0.3535837745666504,
        "accuracy": 64.0
      }
    },