{
  "effectiveness": {
    "color_precision": {
      "avg_ssim_impact": 0.020945196155280843,
      "max_ssim_impact": 0.06600643624539959,
      "avg_size_impact": 0.9699313659788291,
      "importance_score": 0.10789682855596128
    },
    "layer_difference": {
      "avg_ssim_impact": 0.0,
      "max_ssim_impact": 0.0,
      "avg_size_impact": 0.0,
      "importance_score": 0.0
    },
    "corner_threshold": {
      "avg_ssim_impact": 0.0019824113425580547,
      "max_ssim_impact": 0.003594987889920298,
      "avg_size_impact": 0.4681816825314574,
      "importance_score": 0.0075598105750364075
    },
    "length_threshold": {
      "avg_ssim_impact": 0.006862247129986232,
      "max_ssim_impact": 0.01785724507262565,
      "avg_size_impact": 0.7706374154314031,
      "importance_score": 0.03158173933259811
    },
    "max_iterations": {
      "avg_ssim_impact": 0.0,
      "max_ssim_impact": 0.0,
      "avg_size_impact": 0.0,
      "importance_score": 0.0
    },
    "splice_threshold": {
      "avg_ssim_impact": 0.003975327504285059,
      "max_ssim_impact": 0.009616144457222808,
      "avg_size_impact": 1.249953092582229,
      "importance_score": 0.017566799465792926
    },
    "path_precision": {
      "avg_ssim_impact": 5.216555631545883e-05,
      "max_ssim_impact": 8.138279694869244e-05,
      "avg_size_impact": 0.8021630967041028,
      "importance_score": 0.0001857139095796101
    }
  },
  "ranking": [
    [
      "color_precision",
      {
        "avg_ssim_impact": 0.020945196155280843,
        "max_ssim_impact": 0.06600643624539959,
        "avg_size_impact": 0.9699313659788291,
        "importance_score": 0.10789682855596128
      }
    ],
    [
      "length_threshold",
      {
        "avg_ssim_impact": 0.006862247129986232,
        "max_ssim_impact": 0.01785724507262565,
        "avg_size_impact": 0.7706374154314031,
        "importance_score": 0.03158173933259811
      }
    ],
    [
      "splice_threshold",
      {
        "avg_ssim_impact": 0.003975327504285059,
        "max_ssim_impact": 0.009616144457222808,
        "avg_size_impact": 1.249953092582229,
        "importance_score": 0.017566799465792926
      }
    ],
    [
      "corner_threshold",
      {
        "avg_ssim_impact": 0.0019824113425580547,
        "max_ssim_impact": 0.003594987889920298,
        "avg_size_impact": 0.4681816825314574,
        "importance_score": 0.0075598105750364075
      }
    ],
    [
      "path_precision",
      {
        "avg_ssim_impact": 5.216555631545883e-05,
        "max_ssim_impact": 8.138279694869244e-05,
        "avg_size_impact": 0.8021630967041028,
        "importance_score": 0.0001857139095796101
      }
    ],
    [
      "layer_difference",
      {
        "avg_ssim_impact": 0.0,
        "max_ssim_impact": 0.0,
        "avg_size_impact": 0.0,
        "importance_score": 0.0
      }
    ],
    [
      "max_iterations",
      {
        "avg_ssim_impact": 0.0,
        "max_ssim_impact": 0.0,
        "avg_size_impact": 0.0,
        "importance_score": 0.0
      }
    ]
  ]
}