{
  "training_parameters": {
    "epochs": 10,
    "batch_size": 8,
    "learning_rate": 0.001,
    "device": "cpu"
  },
  "best_validation_accuracy": 20.0,
  "training_history": {
    "train_loss": [
      1.4927148580551148,
      1.2369822025299073,
      1.3724642157554627,
      1.1355897188186646,
      0.9229626953601837,
      0.7200158536434174,
      0.8184217572212219,
      0.7833882123231888,
      0.6737929284572601,
      0.8605667531490326
    ],
    "train_acc": [
      25.714285714285715,
      42.857142857142854,
      45.714285714285715,
      68.57142857142857,
      68.57142857142857,
      62.857142857142854,
      68.57142857142857,
      68.57142857142857,
      80.0,
      71.42857142857143
    ],
    "val_loss": [
      1.5128918290138245,
      1.6114733815193176,
      1.4752997159957886,
      1.5218151807785034,
      1.5059475302696228,
      1.5476041436195374,
      1.5472699403762817,
      1.5353939533233643,
      1.5239278078079224,
      1.4888460040092468
    ],
    "val_acc": [
      20.0,
      20.0,
      20.0,
      20.0,
      20.0,
      20.0,
      20.0,
      20.0,
      20.0,
      20.0
    ],
    "epochs": [
      1,
      2,
      3,
      4,
      5,
      6,
      7,
      8,
      9,
      10
    ]
  },
  "timestamp": "2025-09-28T21:17:30.193720"
}