{
  "model_name": "logo_classifier",
  "training_completed": "2025-10-01T18:52:57.317335",
  "best_validation_accuracy": 1.0,
  "final_metrics": {
    "train_loss": 0.0008229408658735338,
    "train_acc": 1.0,
    "val_loss": 6.132168346084654e-05,
    "val_acc": 1.0
  },
  "training_history": {
    "epoch": [
      1.0,
      2.0,
      3.0,
      4.0,
      5.0,
      6.0,
      7.0,
      8.0,
      9.0,
      10.0,
      11.0,
      12.0,
      13.0,
      14.0,
      15.0,
      16.0,
      17.0,
      18.0,
      19.0,
      20.0
    ],
    "train_loss": [
      1.5536353886127472,
      1.1488714516162872,
      0.8514573574066162,
      0.4347824677824974,
      0.30394730903208256,
      0.18692997563630342,
      0.12177940178662539,
      0.0402852343977429,
      0.14966836106032133,
      0.0458364855585387,
      0.014728761976584792,
      0.05330746341496706,
      0.061281037516891956,
      0.01184471370652318,
      0.004017991595901549,
      0.0019950945425080135,
      0.002061854941082686,
      0.00442741991719231,
      0.000859228806803003,
      0.0008229408658735338
    ],
    "train_acc": [
      0.25,
      0.4166666666666667,
      0.5666666666666667,
      0.85,
      0.9333333333333333,
      0.9166666666666666,
      0.9833333333333333,
      0.9833333333333333,
      0.9166666666666666,
      0.9833333333333333,
      1.0,
      0.9833333333333333,
      0.9833333333333333,
      1.0,
      1.0,
      1.0,
      1.0,
      1.0,
      1.0,
      1.0
    ],
    "val_loss": [
      1.1317689418792725,
      0.7269695401191711,
      0.39039528369903564,
      0.1181822121143341,
      0.042462270706892014,
      0.02885003201663494,
      0.022950267419219017,
      0.10634515434503555,
      0.04055005684494972,
      0.0013392915716394782,
      0.007178234867751598,
      0.0017233307007700205,
      0.0007013256545178592,
      0.0003921417228411883,
      0.00023409244022332132,
      0.00018078272114507854,
      0.0001397868909407407,
      0.00010751964146038517,
      9.21142564038746e-05,
      6.132168346084654e-05
    ],
    "val_acc": [
      0.6666666666666666,
      0.6,
      1.0,
      1.0,
      1.0,
      1.0,
      1.0,
      0.9333333333333333,
      1.0,
      1.0,
      1.0,
      1.0,
      1.0,
      1.0,
      1.0,
      1.0,
      1.0,
      1.0,
      1.0,
      1.0
    ],
    "learning_rate": [
      0.001,
      0.001,
      0.001,
      0.001,
      0.001,
      0.001,
      0.001,
      0.001,
      0.001,
      0.001,
      0.001,
      0.001,
      0.001,
      0.001,
      0.001,
      0.001,
      0.001,
      0.001,
      0.001,
      0.001
    ],
    "time": [
      3.57206392288208,
      3.4599831104278564,
      3.3965630531311035,
      3.132059097290039,
      3.2457549571990967,
      3.243736982345581,
      3.38728404045105,
      4.905496120452881,
      7.4923717975616455,
      5.799731969833374,
      4.716012001037598,
      6.241112232208252,
      6.217213153839111,
      3.9024860858917236,
      5.303837060928345,
      5.02172589302063,
      5.150675058364868,
      4.715219020843506,
      5.23525595664978,
      5.091268062591553
    ]
  },
  "model_info": {
    "parameters": 1700421,
    "trainable_parameters": 1700421
  },
  "training_time_total": 93.22984957695007
}