{
  "model_type": "Gradient Boosting Regressor",
  "target": "SSIM quality score",
  "training_metrics": {
    "train_mae": 0.01688279890220879,
    "train_r2": 0.983557104485852,
    "train_rmse": 0.021421526552710544,
    "val_mae": 0.09952578956629853,
    "val_r2": 0.05354495339755638,
    "val_rmse": 0.20407814675854502,
    "cv_mae": 0.08793931079089043,
    "cv_std": 0.009636267672007056,
    "val_within_01_ssim": 81.25,
    "training_samples": 672,
    "validation_samples": 144
  },
  "save_timestamp": "2025-09-30T13:00:11.437649",
  "model_path": "/Users/nrw/python/svg-ai/backend/ai_modules/models/gb_quality_predictor.pkl"
}