{
  "model_type": "RandomForest MultiOutputRegressor",
  "parameters_predicted": [
    "color_precision",
    "corner_threshold",
    "max_iterations",
    "path_precision",
    "layer_difference",
    "length_threshold",
    "splice_threshold",
    "colormode"
  ],
  "training_metrics": {
    "train_metrics": {
      "color_precision": {
        "mae": 0.07586851343101333,
        "r2": 0.9966192007717283
      },
      "corner_threshold": {
        "mae": 8.71311769432213,
        "r2": 0.762461732510761
      },
      "max_iterations": {
        "mae": 1.201211068981629,
        "r2": 0.9210534627863096
      },
      "path_precision": {
        "mae": 1.1200386034902319,
        "r2": 0.7818400724939455
      },
      "layer_difference": {
        "mae": 1.499575514755796,
        "r2": 0.8334256198257672
      },
      "length_threshold": {
        "mae": 1.378719341225069,
        "r2": 0.6665902845188573
      },
      "splice_threshold": {
        "mae": 7.655581689591936,
        "r2": 0.71798749546594
      },
      "colormode": {
        "mae": 0.22983431433773693,
        "r2": 0.7538620827501241
      }
    },
    "val_metrics": {
      "color_precision": {
        "mae": 0.22013233618233607,
        "r2": 0.971308949541189
      },
      "corner_threshold": {
        "mae": 17.420113634912088,
        "r2": -0.08739283369948847
      },
      "max_iterations": {
        "mae": 2.4329629943572124,
        "r2": 0.6789927690741888
      },
      "path_precision": {
        "mae": 2.347458274847868,
        "r2": 0.03145807950446222
      },
      "layer_difference": {
        "mae": 3.2796368106857465,
        "r2": 0.255442045132826
      },
      "length_threshold": {
        "mae": 2.4338077224093486,
        "r2": 0.007260287769371376
      },
      "splice_threshold": {
        "mae": 14.578277465784092,
        "r2": -0.029816669488294423
      },
      "colormode": {
        "mae": 0.45928746959807676,
        "r2": 0.044099167471223
      }
    },
    "overall_train_mae": 2.734243342516943,
    "overall_val_mae": 5.396459588597096,
    "training_samples": 672,
    "validation_samples": 144
  },
  "save_timestamp": "2025-09-30T12:58:12.732678",
  "model_path": "/Users/nrw/python/svg-ai/backend/ai_modules/models/xgb_parameter_predictor.pkl"
}