{
  "validation_summary": {
    "total_images": 50,
    "valid_classifications": 50,
    "correct_classifications": 41,
    "overall_accuracy": 0.82,
    "error_rate": 0.0,
    "validation_status": "TARGET_NOT_MET"
  },
  "accuracy_metrics": {
    "overall_accuracy": 0.82,
    "total_samples": 50,
    "correct_samples": 41,
    "incorrect_samples": 9,
    "average_confidence": 0.6011554609041491,
    "confidence_std": 0.05630788648306335,
    "average_correct_confidence": 0.6044917204120951,
    "average_incorrect_confidence": 0.5859569453679497,
    "confidence_difference": 0.018534775044145357
  },
  "confusion_matrix": {
    "labels": [
      "complex",
      "gradient",
      "simple",
      "text"
    ],
    "matrix": [
      [
        20,
        0,
        0,
        0
      ],
      [
        2,
        8,
        0,
        0
      ],
      [
        4,
        0,
        6,
        0
      ],
      [
        2,
        0,
        1,
        7
      ]
    ],
    "matrix_normalized": [
      [
        1.0,
        0.0,
        0.0,
        0.0
      ],
      [
        0.2,
        0.8,
        0.0,
        0.0
      ],
      [
        0.4,
        0.0,
        0.6,
        0.0
      ],
      [
        0.2,
        0.0,
        0.1,
        0.7
      ]
    ],
    "confidence_matrix": [
      [
        0.6197285869273482,
        0.0,
        0.0,
        0.0
      ],
      [
        0.6,
        0.6479187450728316,
        0.0,
        0.0
      ],
      [
        0.6,
        0.0,
        0.5612617219783049,
        0.0
      ],
      [
        0.6,
        0.0,
        0.4736125083115483,
        0.548381215128064
      ]
    ],
    "class_metrics": {
      "complex": {
        "precision": 0.7142857142857143,
        "recall": 1.0,
        "f1_score": 0.8333333333333333,
        "true_positives": 20,
        "false_positives": 8,
        "false_negatives": 0
      },
      "gradient": {
        "precision": 1.0,
        "recall": 0.8,
        "f1_score": 0.888888888888889,
        "true_positives": 8,
        "false_positives": 0,
        "false_negatives": 2
      },
      "simple": {
        "precision": 0.8571428571428571,
        "recall": 0.6,
        "f1_score": 0.7058823529411764,
        "true_positives": 6,
        "false_positives": 1,
        "false_negatives": 4
      },
      "text": {
        "precision": 1.0,
        "recall": 0.7,
        "f1_score": 0.8235294117647058,
        "true_positives": 7,
        "false_positives": 0,
        "false_negatives": 3
      }
    },
    "total_samples": 50
  },
  "confidence_analysis": {
    "bin_analysis": {
      "0.0-0.5": {
        "count": 4,
        "accuracy": 0.75,
        "average_confidence": 0.4674257554318152,
        "calibration_error": 0.2825742445681848,
        "correct_count": 3
      },
      "0.5-0.7": {
        "count": 45,
        "accuracy": 0.8222222222222222,
        "average_confidence": 0.6105162136760901,
        "calibration_error": 0.21170600854613209,
        "correct_count": 37
      },
      "0.7-0.8": {
        "count": 1,
        "accuracy": 1.0,
        "average_confidence": 0.7148404080561354,
        "calibration_error": 0.28515959194386464,
        "correct_count": 1
      }
    },
    "overall_calibration_error": 0.2188445390958509,
    "overall_accuracy": 0.82,
    "overall_average_confidence": 0.6011554609041491,
    "calibration_quality": "poor"
  },
  "per_category_analysis": {
    "complex": {
      "total_samples": 20,
      "correct_samples": 20,
      "accuracy": 1.0,
      "average_confidence": 0.6197285869273484,
      "average_correct_confidence": 0.6197285869273484,
      "target_met": true
    },
    "gradient": {
      "total_samples": 10,
      "correct_samples": 8,
      "accuracy": 0.8,
      "average_confidence": 0.6383349960582653,
      "average_correct_confidence": 0.6479187450728316,
      "target_met": false
    },
    "simple": {
      "total_samples": 10,
      "correct_samples": 6,
      "accuracy": 0.6,
      "average_confidence": 0.5767570331869829,
      "average_correct_confidence": 0.5612617219783049,
      "target_met": false
    },
    "text": {
      "total_samples": 10,
      "correct_samples": 7,
      "accuracy": 0.7,
      "average_confidence": 0.5512281014207997,
      "average_correct_confidence": 0.548381215128064,
      "target_met": false
    }
  },
  "baseline_comparison": {
    "current_accuracy": 0.82,
    "baseline_accuracy": 0.2,
    "target_accuracy": 0.9,
    "improvement_from_baseline": 0.6199999999999999,
    "improvement_percentage": 309.99999999999994,
    "target_achievement": false,
    "progress_to_target": 0.8857142857142856
  },
  "improvement_breakdown": {
    "data_driven_thresholds": {
      "description": "Optimized thresholds based on actual feature distributions",
      "estimated_contribution": 0.6,
      "impact": "MAJOR"
    },
    "hierarchical_classification": {
      "description": "Decision tree approach with primary/secondary features",
      "estimated_contribution": 0.02,
      "impact": "MINOR"
    },
    "multi_factor_confidence": {
      "description": "Enhanced confidence scoring with multiple factors",
      "estimated_contribution": 0.0,
      "impact": "CALIBRATION"
    },
    "feature_importance_weights": {
      "description": "Weights based on correlation analysis (entropy > unique_colors > complexity)",
      "estimated_contribution": 0.0,
      "impact": "FOUNDATIONAL"
    }
  },
  "target_achievement": {
    "criteria": {
      "overall_accuracy_90": {
        "target": 0.9,
        "actual": 0.82,
        "achieved": false,
        "description": "Classification accuracy >90% achieved"
      },
      "per_category_accuracy_85": {
        "target": 0.85,
        "actual": 0.6,
        "achieved": false,
        "description": "Per-category accuracy >85% for all types"
      },
      "processing_time_05s": {
        "target": 0.5,
        "actual": 0.06,
        "achieved": true,
        "description": "Processing time still <0.5s per image"
      },
      "confidence_correlation": {
        "target": 0.1,
        "actual": 0.2188445390958509,
        "achieved": 