{
  "version": "2.0_data_driven",
  "generation_date": "2025-09-28",
  "method": "statistical_analysis_of_correct_classifications",
  "thresholds": {
    "complex": {
      "edge_density_min": 0.009738922119140625,
      "edge_density_max": 0.02884674072265625,
      "edge_density": 0.009738922119140625,
      "unique_colors_min": 0.29024101186092033,
      "unique_colors_max": 0.3509193652572005,
      "unique_colors": 0.29024101186092033,
      "entropy_min": 0.05706193676164945,
      "entropy_max": 0.08471318331441503,
      "entropy": 0.05706193676164945,
      "corner_density_min": 0.06561279296875,
      "corner_density_max": 0.201416015625,
      "corner_density": 0.06561279296875,
      "gradient_strength_min": 0.06814824904993395,
      "gradient_strength_max": 0.11684790548013954,
      "gradient_strength": 0.06814824904993395,
      "complexity_score_min": 0.11302319000587385,
      "complexity_score_max": 0.14168460454887266,
      "complexity_score": 0.11302319000587385,
      "confidence_threshold": 0.7
    },
    "gradient": {
      "edge_density_min": 0.0096435546875,
      "edge_density_max": 0.0096435546875,
      "edge_density": 0.0096435546875,
      "unique_colors_min": 0.4152410118609203,
      "unique_colors_max": 0.4324289523296622,
      "unique_colors": 0.4152410118609203,
      "entropy_min": 0.22270091831696895,
      "entropy_max": 0.22790024161351588,
      "entropy": 0.22270091831696895,
      "corner_density_min": 0.15869140625,
      "corner_density_max": 0.30517578125,
      "corner_density": 0.15869140625,
      "gradient_strength_min": 0.13052140287732755,
      "gradient_strength_max": 0.15288343620448694,
      "gradient_strength": 0.13052140287732755,
      "complexity_score_min": 0.18830413579755398,
      "complexity_score_max": 0.21568807675517157,
      "complexity_score": 0.18830413579755398,
      "confidence_threshold": 0.75
    },
    "simple": {
      "edge_density_min": 0.005847930908203125,
      "edge_density_max": 0.00742340087890625,
      "edge_density": 0.005847930908203125,
      "unique_colors_min": 0.125,
      "unique_colors_max": 0.125,
      "unique_colors": 0.125,
      "entropy_min": 0.043520065321674836,
      "entropy_max": 0.0600231190556603,
      "entropy": 0.043520065321674836,
      "corner_density_min": 0.02593994140625,
      "corner_density_max": 0.0701904296875,
      "corner_density": 0.02593994140625,
      "gradient_strength_min": 0.06031403617377601,
      "gradient_strength_max": 0.06544640439296386,
      "gradient_strength": 0.06031403617377601,
      "complexity_score_min": 0.08016268888582245,
      "complexity_score_max": 0.08884059280241108,
      "complexity_score": 0.08016268888582245,
      "confidence_threshold": 0.9
    },
    "text": {
      "edge_density_min": 0.00945281982421875,
      "edge_density_max": 0.019977569580078125,
      "edge_density": 0.00945281982421875,
      "unique_colors_min": 0.125,
      "unique_colors_max": 0.125,
      "unique_colors": 0.125,
      "entropy_min": 0.022602485738765794,
      "entropy_max": 0.033435877345787665,
      "entropy": 0.022602485738765794,
      "corner_density_min": 0.12969970703125,
      "corner_density_max": 0.30517578125,
      "corner_density": 0.12969970703125,
      "gradient_strength_min": 0.08340621577022728,
      "gradient_strength_max": 0.13042601065933962,
      "gradient_strength": 0.08340621577022728,
      "complexity_score_min": 0.09768257137880594,
      "complexity_score_max": 0.14585748844829577,
      "complexity_score": 0.09768257137880594,
      "confidence_threshold": 0.8
    }
  }
}