{
  "generated_at": "2025-09-29T16:37:36.050660",
  "total_episodes": 1000,
  "metrics_available": [
    "episode",
    "timestamp",
    "episode_rewards",
    "quality_improvements",
    "success_rates",
    "training_loss",
    "value_loss",
    "policy_loss",
    "entropy"
  ],
  "reward_statistics": {
    "mean": 0.8895,
    "std": 0.2950428787486665,
    "min": 0.3,
    "max": 1.4789999999999999,
    "median": 0.8895,
    "final_value": 1.4789999999999999
  },
  "quality_statistics": {
    "mean": 0.9497499999999999,
    "std": 0.1444097180478747,
    "min": 0.7,
    "max": 1.1995,
    "final_value": 1.1995
  },
  "training_efficiency": {
    "total_time": 3600,
    "episodes_per_hour": 1000.0
  }
}