{
  "episode_rewards": {
    "default_lr_0.0003": {
      "mean": 0.49960000000000004,
      "std": 0.11558546621439912,
      "median": 0.4996,
      "min": 0.3,
      "max": 0.6992,
      "final_value": 0.6992,
      "samples": 500
    },
    "high_lr_0.001": {
      "mean": 0.3544,
      "std": 0.21428653115599622,
      "median": 0.35439999999999994,
      "min": -0.13119999999999998,
      "max": 0.8399999999999999,
      "final_value": 0.40880000000000005,
      "samples": 500
    },
    "low_lr_0.0001": {
      "mean": 0.42475,
      "std": 0.07224091638399945,
      "median": 0.42474999999999996,
      "min": 0.3,
      "max": 0.5495,
      "final_value": 0.5495,
      "samples": 500
    }
  },
  "quality_improvements": {
    "default_lr_0.0003": {
      "mean": 0.7748499999999999,
      "std": 0.04334454983039967,
      "median": 0.7748499999999999,
      "min": 0.7,
      "max": 0.8496999999999999,
      "final_value": 0.8496999999999999,
      "samples": 500
    },
    "high_lr_0.001": {
      "mean": 0.8247499999999999,
      "std": 0.07224091638399945,
      "median": 0.82475,
      "min": 0.7,
      "max": 0.9495,
      "final_value": 0.9495,
      "samples": 500
    },
    "low_lr_0.0001": {
      "mean": 0.7499,
      "std": 0.02889636655359978,
      "median": 0.7499,
      "min": 0.7,
      "max": 0.7998,
      "final_value": 0.7998,
      "samples": 500
    }
  },
  "success_rates": {
    "default_lr_0.0003": {
      "mean": 0.4994,
      "std": 0.17337819932159865,
      "median": 0.49939999999999996,
      "min": 0.2,
      "max": 0.7988,
      "final_value": 0.7988,
      "samples": 500
    },
    "high_lr_0.001": {
      "mean": 0.5867496,
      "std": 0.24249689992407236,
      "median": 0.5991,
      "min": 0.15,
      "max": 0.9,
      "final_value": 0.9,
      "samples": 500
    },
    "low_lr_0.0001": {
      "mean": 0.4496,
      "std": 0.11558546621439912,
      "median": 0.4496,
      "min": 0.25,
      "max": 0.6492,
      "final_value": 0.6492,
      "samples": 500
    }
  }
}